Number....Ladpt...1.,Plant,Mom,soil.abv,soil.full,soil.combo,SA,SAN
AMO-1-1,TX,32,N,N,N,A,NA
AMO-1-2,FP,78,TC,TC,TC,A,A
AMO-1-3,TX,27,TC,TC,TC,A,A
AMO-1-4,MC,64,TP,TP,TP,A,A
AMO-1-5,TP,5,M,M,M,A,A
AMO-1-6,M,21,TP,TP,TP,A,A
AMO-1-7,M,18,TX,TX,TX,A,A
AMO-1-8,TC,99,TP,TP,TP,A,A
AMO-1-9,DA,57,TP,TP,TP,A,A
AMO-1-10,MC,62,TC,TC,TC,A,A
AMO-1-11,CU,115,M,M,M,A,A
AMO-1-12,MC,62,H,MC,H,S,S
AMO-1-13,CU,118,TP,TP,TP,A,A
AMO-1-14,TC,106,H,TC,H,S,S
AMO-1-15,FP,84,N,N,N,A,NA
AMO-1-16,TC,106,TP,TP,TP,A,A
AMO-1-17,CL,93,H,CL,H,S,S
AMO-1-18,CU,118,M,M,M,A,A
AMO-1-19,MT,40,N,N,N,A,NA
AMO-1-20,MC,63,H,MC,H,S,S
AMO-1-21,DA,58,N,N,N,A,NA
AMO-1-22,MC,65,TP,TP,TP,A,A
AMO-1-23,MT,44,N,N,N,A,NA
AMO-1-24,DA,50,M,M,M,A,A
AMO-1-25,CU,109,TP,TP,TP,A,A
AMO-1-26,FP,79,M,M,M,A,A
AMO-1-27,MC,71,TX,TX,TX,A,A
AMO-1-28,TX,28,TX,TX,H,S,S
AMO-1-29,TP,1,TC,TC,TC,A,A
AMO-1-30,TC,99,H,TC,H,S,S
AMO-1-31,CU,116,N,N,N,A,NA
AMO-1-32,CL,85,TC,TC,TC,A,A
AMO-1-33,CU,115,H,CU,H,S,S
AMO-1-34,TX,36,TC,TC,TC,A,A
AMO-1-35,M,18,N,N,N,A,NA
AMO-1-36,CL,86,TC,TC,TC,A,A
AMO-1-37,MT,43,N,N,N,A,NA
AMO-1-38,FP,73,N,N,N,A,NA
AMO-1-39,TP,5,TX,TX,TX,A,A
AMO-1-40,FP,74,TX,TX,TX,A,A
AMO-1-41,TC,101,M,M,M,A,A
AMO-1-42,MC,62,M,M,M,A,A
AMO-1-43,TP,3,TC,TC,TC,A,A
AMO-1-44,TP,10,M,M,M,A,A
AMO-1-45,CL,85,M,M,M,A,A
AMO-1-46,FP,83,TX,TX,TX,A,A
AMO-1-47,DA,49,TP,TP,TP,A,A
AMO-1-48,TP,4,TP,TP,H,S,S
AMO-1-49,DA,59,H,DA,H,S,S
AMO-1-50,M,17,TX,TX,TX,A,A
AMO-1-51,TP,12,TP,TP,H,S,S
AMO-1-52,TP,11,N,N,N,A,NA
AMO-1-53,M,21,M,M,H,S,S
AMO-1-54,M,14,TX,TX,TX,A,A
AMO-1-55,MC,71,TP,TP,TP,A,A
AMO-1-56,DA,51,H,DA,H,S,S
AMO-1-57,TP,5,H,TP,H,S,S
AMO-1-58,MT,48,TP,TP,TP,A,A
AMO-1-59,TP,12,TX,TX,TX,A,A
AMO-1-60,CL,92,TC,TC,TC,A,A
AMO-1-61,CU,112,H,CU,H,S,S
AMO-1-62,FP,74,H,FP,H,S,S
AMO-1-63,CL,96,M,M,M,A,A
AMO-1-64,M,16,TX,TX,TX,A,A
AMO-1-65,TC,99,N,N,N,A,NA
AMO-1-66,CU,116,TC,TC,TC,A,A
AMO-1-67,CU,109,TC,TC,TC,A,A
AMO-1-68,CU,110,M,M,M,A,A
AMO-1-69,FP,83,H,FP,H,S,S
AMO-1-70,CU,112,M,M,M,A,A
AMO-1-71,CL,86,TP,TP,TP,A,A
AMO-1-72,MC,66,N,N,N,A,NA
AMO-1-73,MT,39,N,N,N,A,NA
AMO-1-74,MC,65,H,MC,H,S,S
AMO-1-75,TP,2,TP,TP,H,S,S
AMO-1-76,M,18,M,M,H,S,S
AMO-1-77,CL,94,TX,TX,TX,A,A
AMO-1-78,CL,93,TC,TC,TC,A,A
AMO-1-79,DA,51,N,N,N,A,NA
AMO-1-80,TC,103,TP,TP,TP,A,A
AMO-1-81,CL,91,H,CL,H,S,S
AMO-1-82,CL,96,TP,TP,TP,A,A
AMO-1-83,TX,29,N,N,N,A,NA
AMO-1-84,CU,110,TX,TX,TX,A,A
AMO-1-85,TC,104,TC,TC,H,S,S
AMO-1-86,DA,51,TX,TX,TX,A,A
AMO-1-87,CU,113,TC,TC,TC,A,A
AMO-1-88,TX,36,TX,TX,H,S,S
AMO-1-89,TX,31,TX,TX,H,S,S
AMO-1-90,M,21,N,N,N,A,NA
AMO-1-91,MC,72,H,MC,H,S,S
AMO-1-92,M,17,N,N,N,A,NA
AMO-1-93,MC,70,TP,TP,TP,A,A
AMO-1-94,MT,45,TC,TC,TC,A,A
AMO-1-95,M,20,TP,TP,TP,A,A
AMO-1-96,DA,52,M,M,M,A,A
AMO-1-97,DA,56,TX,TX,TX,A,A
AMO-1-98,CL,89,H,CL,H,S,S
AMO-1-99,FP,77,N,N,N,A,NA
AMO-1-100,DA,60,TP,TP,TP,A,A
AMO-1-101,FP,80,H,FP,H,S,S
AMO-1-102,TX,28,TC,TC,TC,A,A
AMO-1-103,MT,48,M,M,M,A,A
AMO-1-104,TC,108,TC,TC,H,S,S
AMO-1-105,TP,10,TC,TC,TC,A,A
AMO-1-106,MT,38,TP,TP,TP,A,A
AMO-1-107,MT,42,H,MT,H,S,S
AMO-1-108,DA,50,TC,TC,TC,A,A
AMO-1-109,FP,74,TC,TC,TC,A,A
AMO-1-110,CU,111,M,M,M,A,A
AMO-1-111,TC,99,TC,TC,H,S,S
AMO-1-112,DA,58,TC,TC,TC,A,A
AMO-1-113,CL,95,M,M,M,A,A
AMO-1-114,MT,44,TP,TP,TP,A,A
AMO-1-115,FP,77,TC,TC,TC,A,A
AMO-1-116,MT,42,TP,TP,TP,A,A
AMO-1-117,TX,30,H,TX,H,S,S
AMO-1-118,M,24,TP,TP,TP,A,A
AMO-1-119,TX,35,TP,TP,TP,A,A
AMO-1-120,TX,26,H,TX,H,S,S
AMO-1-121,CU,113,TX,TX,TX,A,A
AMO-1-122,TP,12,TC,TC,TC,A,A
AMO-1-123,DA,53,M,M,M,A,A
AMO-1-124,DA,50,TP,TP,TP,A,A
AMO-1-125,CU,117,TC,TC,TC,A,A
AMO-1-126,CU,119,H,CU,H,S,S
AMO-1-127,MC,69,TX,TX,TX,A,A
AMO-1-128,M,23,TC,TC,TC,A,A
AMO-1-129,TP,9,N,N,N,A,NA
AMO-1-130,TX,33,TC,TC,TC,A,A
AMO-1-131,TX,32,H,TX,H,S,S
AMO-1-132,MT,46,TP,TP,TP,A,A
AMO-1-133,DA,60,M,M,M,A,A
AMO-1-134,CL,92,M,M,M,A,A
AMO-1-135,TX,34,TX,TX,H,S,S
AMO-1-136,TP,9,M,M,M,A,A
AMO-1-137,MC,67,H,MC,H,S,S
AMO-1-138,CL,92,TP,TP,TP,A,A
AMO-1-139,FP,76,M,M,M,A,A
AMO-1-140,CU,120,TP,TP,TP,A,A
AMO-1-141,TC,104,H,TC,H,S,S
AMO-1-142,M,23,TX,TX,TX,A,A
AMO-1-143,CL,93,M,M,M,A,A
AMO-1-144,TC,103,N,N,N,A,NA
AMO-1-145,CL,85,TP,TP,TP,A,A
AMO-1-146,MT,37,M,M,M,A,A
AMO-1-147,M,15,M,M,H,S,S
AMO-1-148,CL,90,H,CL,H,S,S
AMO-1-149,CL,92,TX,TX,TX,A,A
AMO-1-150,TC,97,TP,TP,TP,A,A
AMO-1-151,FP,77,TP,TP,TP,A,A
AMO-1-152,FP,81,M,M,M,A,A
AMO-1-153,MC,70,TC,TC,TC,A,A
AMO-1-154,CU,119,TX,TX,TX,A,A
AMO-1-155,M,16,M,M,H,S,S
AMO-1-156,CU,118,H,CU,H,S,S
AMO-1-157,TX,29,TP,TP,TP,A,A
AMO-1-158,MT,44,TC,TC,TC,A,A
AMO-1-159,MT,42,TX,TX,TX,A,A
AMO-1-160,M,19,TP,TP,TP,A,A
AMO-1-161,FP,80,TC,TC,TC,A,A
AMO-1-162,CU,110,TP,TP,TP,A,A
AMO-1-163,MC,69,TC,TC,TC,A,A
AMO-1-164,MT,48,H,MT,H,S,S
AMO-1-165,MT,44,M,M,M,A,A
AMO-1-166,TC,105,M,M,M,A,A
AMO-1-167,CU,120,TX,TX,TX,A,A
AMO-1-168,CU,110,TC,TC,TC,A,A
AMO-1-169,TC,101,TC,TC,H,S,S
AMO-1-170,TP,4,TC,TC,TC,A,A
AMO-1-171,FP,83,TC,TC,TC,A,A
AMO-1-172,FP,81,N,N,N,A,NA
AMO-1-173,DA,54,TP,TP,TP,A,A
AMO-1-174,FP,78,M,M,M,A,A
AMO-1-175,CU,119,TC,TC,TC,A,A
AMO-1-176,FP,79,N,N,N,A,NA
AMO-1-177,CL,88,TP,TP,TP,A,A
AMO-1-178,M,23,M,M,H,S,S
AMO-1-179,MC,62,TP,TP,TP,A,A
AMO-1-180,CU,116,TP,TP,TP,A,A
AMO-1-181,CL,91,M,M,M,A,A
AMO-1-182,DA,58,M,M,M,A,A
AMO-1-183,CL,90,M,M,M,A,A
AMO-1-184,MC,68,H,MC,H,S,S
AMO-1-185,FP,83,N,N,N,A,NA
AMO-1-186,M,21,TC,TC,TC,A,A
AMO-1-187,MC,61,TP,TP,TP,A,A
AMO-1-188,TP,9,TX,TX,TX,A,A
AMO-1-189,TC,105,TX,TX,TX,A,A
AMO-1-190,FP,75,M,M,M,A,A
AMO-1-191,TX,29,M,M,M,A,A
AMO-1-192,FP,76,H,FP,H,S,S
AMO-1-193,TC,99,M,M,M,A,A
AMO-1-194,TX,34,M,M,M,A,A
AMO-1-195,M,19,H,M,H,S,S
AMO-1-196,TC,105,N,N,N,A,NA
AMO-1-197,MT,47,TX,TX,TX,A,A
AMO-1-198,TX,33,M,M,M,A,A
AMO-1-199,TP,3,N,N,N,A,NA
AMO-1-200,TX,26,M,M,M,A,A
AMO-1-201,TC,101,N,N,N,A,NA
AMO-1-202,DA,58,TX,TX,TX,A,A
AMO-1-203,TC,104,TP,TP,TP,A,A
AMO-1-204,MC,65,M,M,M,A,A
AMO-1-205,MT,47,H,MT,H,S,S
AMO-1-206,MT,39,TC,TC,TC,A,A
AMO-1-207,CL,94,M,M,M,A,A
AMO-1-208,MC,61,N,N,N,A,NA
AMO-1-209,TP,8,N,N,N,A,NA
AMO-1-210,DA,56,TC,TC,TC,A,A
AMO-1-211,DA,56,TP,TP,TP,A,A
AMO-1-212,M,17,M,M,H,S,S
AMO-1-213,MT,43,TP,TP,TP,A,A
AMO-1-214,TX,25,TC,TC,TC,A,A
AMO-1-215,FP,79,TX,TX,TX,A,A
AMO-1-216,TX,29,TX,TX,H,S,S
AMO-1-217,MC,64,M,M,M,A,A
AMO-1-218,FP,83,M,M,M,A,A
AMO-1-219,FP,81,H,FP,H,S,S
AMO-1-220,CU,111,TP,TP,TP,A,A
AMO-1-221,MT,45,TX,TX,TX,A,A
AMO-1-222,CL,85,TX,TX,TX,A,A
AMO-1-223,MT,43,M,M,M,A,A
AMO-1-224,MT,38,H,MT,H,S,S
AMO-1-225,M,18,TP,TP,TP,A,A
AMO-1-226,CL,88,TC,TC,TC,A,A
AMO-1-227,TC,104,TX,TX,TX,A,A
AMO-1-228,DA,53,TP,TP,TP,A,A
AMO-1-229,TX,34,N,N,N,A,NA
AMO-1-230,TP,8,M,M,M,A,A
AMO-1-231,MC,64,TC,TC,TC,A,A
AMO-1-232,CU,118,TC,TC,TC,A,A
AMO-1-233,MT,48,TX,TX,TX,A,A
AMO-1-234,CL,95,TC,TC,TC,A,A
AMO-1-235,FP,82,N,N,N,A,NA
AMO-1-236,MT,42,TC,TC,TC,A,A
AMO-1-237,TX,30,TP,TP,TP,A,A
AMO-1-238,CL,89,TX,TX,TX,A,A
AMO-1-239,MT,48,N,N,N,A,NA
AMO-1-240,TX,32,TC,TC,TC,A,A
AMO-1-241,MC,66,H,MC,H,S,S
AMO-1-242,CL,96,H,CL,H,S,S
AMO-1-243,MT,39,TP,TP,TP,A,A
AMO-1-244,M,13,TC,TC,TC,A,A
AMO-1-245,TC,97,N,N,N,A,NA
AMO-1-246,CU,120,M,M,M,A,A
AMO-1-247,TX,30,M,M,M,A,A
AMO-1-248,M,14,H,M,H,S,S
AMO-1-249,MT,41,TP,TP,TP,A,A
AMO-1-250,DA,52,H,DA,H,S,S
AMO-1-251,TX,28,TP,TP,TP,A,A
AMO-1-252,FP,81,TX,TX,TX,A,A
AMO-1-253,CL,87,N,N,N,A,NA
AMO-1-254,M,13,TX,TX,TX,A,A
AMO-1-255,TX,33,N,N,N,A,NA
AMO-1-256,MT,44,H,MT,H,S,S
AMO-1-257,FP,75,N,N,N,A,NA
AMO-1-258,FP,82,TP,TP,TP,A,A
AMO-1-259,MT,37,TC,TC,TC,A,A
AMO-1-260,MT,46,H,MT,H,S,S
AMO-1-261,FP,81,TC,TC,TC,A,A
AMO-1-262,CU,116,H,CU,H,S,S
AMO-1-263,M,22,H,M,H,S,S
AMO-1-264,MC,65,N,N,N,A,NA
AMO-1-265,M,19,TC,TC,TC,A,A
AMO-1-266,TP,8,TX,TX,TX,A,A
AMO-1-267,CU,113,M,M,M,A,A
AMO-1-268,FP,84,TX,TX,TX,A,A
AMO-1-269,TP,8,TC,TC,TC,A,A
AMO-1-270,MT,45,H,MT,H,S,S
AMO-1-271,CU,113,TP,TP,TP,A,A
AMO-1-272,M,24,M,M,H,S,S
AMO-1-273,FP,82,TX,TX,TX,A,A
AMO-1-274,TP,2,H,TP,H,S,S
AMO-1-275,DA,58,TP,TP,TP,A,A
AMO-1-276,TP,2,N,N,N,A,NA
AMO-1-277,DA,52,TC,TC,TC,A,A
AMO-1-278,MC,62,N,N,N,A,NA
AMO-1-279,CL,96,TC,TC,TC,A,A
AMO-1-280,FP,81,TP,TP,TP,A,A
AMO-1-281,FP,77,H,FP,H,S,S
AMO-1-282,M,21,H,M,H,S,S
AMO-1-283,TX,35,TX,TX,H,S,S
AMO-1-284,TC,103,TX,TX,TX,A,A
AMO-1-285,TP,10,N,N,N,A,NA
AMO-1-286,MC,69,TP,TP,TP,A,A
AMO-1-287,MC,66,TC,TC,TC,A,A
AMO-1-288,TC,102,M,M,M,A,A
AMO-1-289,TC,107,TX,TX,TX,A,A
AMO-1-290,CU,111,TC,TC,TC,A,A
AMO-1-291,MC,67,M,M,M,A,A
AMO-1-292,MT,43,TX,TX,TX,A,A
AMO-1-293,CL,86,H,CL,H,S,S
AMO-1-294,M,17,TP,TP,TP,A,A
AMO-1-295,CL,92,N,N,N,A,NA
AMO-1-296,MT,41,N,N,N,A,NA
AMO-1-297,TC,98,H,TC,H,S,S
AMO-1-298,TX,33,H,TX,H,S,S
AMO-1-299,FP,74,N,N,N,A,NA
AMO-1-300,CU,117,TX,TX,TX,A,A
AMO-1-301,DA,56,N,N,N,A,NA
AMO-1-302,TP,9,TC,TC,TC,A,A
AMO-1-303,TC,102,TP,TP,TP,A,A
AMO-1-304,TX,25,TP,TP,TP,A,A
AMO-1-305,M,24,TX,TX,TX,A,A
AMO-1-306,DA,57,TX,TX,TX,A,A
AMO-1-307,CL,90,TX,TX,TX,A,A
AMO-1-308,MC,67,TX,TX,TX,A,A
AMO-1-309,MC,71,TC,TC,TC,A,A
AMO-1-310,MT,38,TC,TC,TC,A,A
AMO-1-311,M,24,H,M,H,S,S
AMO-1-312,CL,88,N,N,N,A,NA
AMO-1-313,CL,90,TP,TP,TP,A,A
AMO-1-314,TC,108,M,M,M,A,A
AMO-1-315,MT,38,N,N,N,A,NA
AMO-1-316,TC,106,M,M,M,A,A
AMO-1-317,TC,101,TP,TP,TP,A,A
AMO-1-318,FP,75,TC,TC,TC,A,A
AMO-1-319,TC,107,TP,TP,TP,A,A
AMO-1-320,M,24,N,N,N,A,NA
AMO-1-321,MC,68,N,N,N,A,NA
AMO-1-322,MC,64,H,MC,H,S,S
AMO-1-323,M,15,TX,TX,TX,A,A
AMO-1-324,DA,51,TP,TP,TP,A,A
AMO-1-325,CL,87,TP,TP,TP,A,A
AMO-1-326,M,20,H,M,H,S,S
AMO-1-327,TP,10,H,TP,H,S,S
AMO-1-328,DA,49,N,N,N,A,NA
AMO-1-329,DA,60,H,DA,H,S,S
AMO-1-330,TX,27,H,TX,H,S,S
AMO-1-331,CU,115,TP,TP,TP,A,A
AMO-1-332,CL,95,H,CL,H,S,S
AMO-1-333,TC,102,H,TC,H,S,S
AMO-1-334,M,16,H,M,H,S,S
AMO-1-335,CU,117,TP,TP,TP,A,A
AMO-1-336,TX,26,N,N,N,A,NA
AMO-1-337,TX,29,TC,TC,TC,A,A
AMO-1-338,CL,90,TC,TC,TC,A,A
AMO-1-339,CU,114,TP,TP,TP,A,A
AMO-1-340,TP,11,TX,TX,TX,A,A
AMO-1-341,TX,36,N,N,N,A,NA
AMO-1-342,DA,50,H,DA,H,S,S
AMO-1-343,TP,12,M,M,M,A,A
AMO-1-344,CL,89,N,N,N,A,NA
AMO-1-345,MT,38,M,M,M,A,A
AMO-1-346,CL,87,TX,TX,TX,A,A
AMO-1-347,M,16,N,N,N,A,NA
AMO-1-348,CU,115,N,N,N,A,NA
AMO-1-349,CU,118,TX,TX,TX,A,A
AMO-1-350,MC,61,TC,TC,TC,A,A
AMO-1-351,TX,26,TC,TC,TC,A,A
AMO-1-352,TP,4,H,TP,H,S,S
AMO-1-353,MC,68,TX,TX,TX,A,A
AMO-1-354,TP,5,TC,TC,TC,A,A
AMO-1-355,TP,3,M,M,M,A,A
AMO-1-356,TP,3,TX,TX,TX,A,A
AMO-1-357,FP,73,M,M,M,A,A
AMO-1-358,MC,63,TX,TX,TX,A,A
AMO-1-359,FP,75,H,FP,H,S,S
AMO-1-360,DA,49,H,DA,H,S,S
AMO-1-361,MT,44,TX,TX,TX,A,A
AMO-1-362,TP,1,M,M,M,A,A
AMO-1-363,TX,28,N,N,N,A,NA
AMO-1-364,TC,102,TC,TC,H,S,S
AMO-1-365,TX,27,N,N,N,A,NA
AMO-1-366,DA,50,TX,TX,TX,A,A
AMO-1-367,M,15,N,N,N,A,NA
AMO-1-368,TP,4,N,N,N,A,NA
AMO-1-369,M,21,TX,TX,TX,A,A
AMO-1-370,TC,108,TX,TX,TX,A,A
AMO-1-371,MT,41,TC,TC,TC,A,A
AMO-1-372,TC,98,TX,TX,TX,A,A
AMO-1-373,CU,117,H,CU,H,S,S
AMO-1-374,TX,35,M,M,M,A,A
AMO-1-375,TX,27,M,M,M,A,A
AMO-1-376,CU,109,M,M,M,A,A
AMO-1-377,TX,36,M,M,M,A,A
AMO-1-378,TP,11,H,TP,H,S,S
AMO-1-379,TX,28,H,TX,H,S,S
AMO-1-380,TC,107,N,N,N,A,NA
AMO-1-381,FP,80,M,M,M,A,A
AMO-1-382,TP,8,H,TP,H,S,S
AMO-1-383,DA,55,M,M,M,A,A
AMO-1-384,TX,30,TX,TX,H,S,S
AMO-1-385,TP,2,TX,TX,TX,A,A
AMO-1-386,CU,111,H,CU,H,S,S
AMO-1-387,FP,76,TP,TP,TP,A,A
AMO-1-388,MC,72,TC,TC,TC,A,A
AMO-1-389,CU,114,N,N,N,A,NA
AMO-1-390,MT,45,TP,TP,TP,A,A
AMO-1-391,M,16,TC,TC,TC,A,A
AMO-1-392,TC,103,M,M,M,A,A
AMO-1-393,CU,118,N,N,N,A,NA
AMO-1-394,CL,94,TC,TC,TC,A,A
AMO-1-395,FP,73,TX,TX,TX,A,A
AMO-1-396,TP,1,TX,TX,TX,A,A
AMO-1-397,DA,53,TC,TC,TC,A,A
AMO-1-398,MT,46,N,N,N,A,NA
AMO-1-399,FP,82,TC,TC,TC,A,A
AMO-1-400,DA,58,H,DA,H,S,S
AMO-1-401,M,13,M,M,H,S,S
AMO-1-402,TP,9,TP,TP,H,S,S
AMO-1-403,M,23,N,N,N,A,NA
AMO-1-404,TC,108,H,TC,H,S,S
AMO-1-405,M,22,M,M,H,S,S
AMO-1-406,CU,112,TP,TP,TP,A,A
AMO-1-407,MC,67,TC,TC,TC,A,A
AMO-1-408,M,20,M,M,H,S,S
AMO-1-409,TC,105,TC,TC,H,S,S
AMO-1-410,MC,66,M,M,M,A,A
AMO-1-411,MT,43,H,MT,H,S,S
AMO-1-412,FP,78,N,N,N,A,NA
AMO-1-413,DA,54,TC,TC,TC,A,A
AMO-1-414,TX,26,TP,TP,TP,A,A
AMO-1-415,FP,73,TP,TP,TP,A,A
AMO-1-416,TP,1,H,TP,H,S,S
AMO-1-417,CU,120,N,N,N,A,NA
AMO-1-418,DA,59,TP,TP,TP,A,A
AMO-1-419,TC,104,N,N,N,A,NA
AMO-1-420,CL,89,TC,TC,TC,A,A
AMO-1-421,CL,86,TX,TX,TX,A,A
AMO-1-422,TC,105,H,TC,H,S,S
AMO-1-423,CU,112,TC,TC,TC,A,A
AMO-1-424,TP,8,TP,TP,H,S,S
AMO-1-425,CL,87,TC,TC,TC,A,A
AMO-1-426,MT,48,TC,TC,TC,A,A
AMO-1-427,TC,101,H,TC,H,S,S
AMO-1-428,TP,4,TX,TX,TX,A,A
AMO-1-429,MC,67,N,N,N,A,NA
AMO-1-430,MC,68,TP,TP,TP,A,A
AMO-1-431,M,15,TP,TP,TP,A,A
AMO-1-432,CL,91,TC,TC,TC,A,A
AMO-1-433,CL,88,H,CL,H,S,S
AMO-1-434,DA,55,TX,TX,TX,A,A
AMO-1-435,M,15,TC,TC,TC,A,A
AMO-1-436,DA,57,H,DA,H,S,S
AMO-1-437,TX,31,N,N,N,A,NA
AMO-1-438,DA,59,M,M,M,A,A
AMO-1-439,DA,54,N,N,N,A,NA
AMO-1-440,DA,59,N,N,N,A,NA
AMO-1-441,TX,25,TX,TX,H,S,S
AMO-1-442,FP,74,TP,TP,TP,A,A
AMO-1-443,TP,3,H,TP,H,S,S
AMO-1-444,FP,78,TX,TX,TX,A,A
AMO-1-445,TP,7,N,N,N,A,NA
AMO-1-446,MT,37,TX,TX,TX,A,A
AMO-1-447,TP,7,TP,TP,H,S,S
AMO-1-448,TX,32,TP,TP,TP,A,A
AMO-1-449,TX,25,H,TX,H,S,S
AMO-1-450,FP,84,TP,TP,TP,A,A
AMO-1-451,MT,47,TC,TC,TC,A,A
AMO-1-452,DA,57,M,M,M,A,A
AMO-1-453,TC,98,TP,TP,TP,A,A
AMO-1-454,M,13,TP,TP,TP,A,A
AMO-1-455,MC,61,TX,TX,TX,A,A
AMO-1-456,FP,78,H,FP,H,S,S
AMO-1-457,CL,86,N,N,N,A,NA
AMO-1-458,M,24,TC,TC,TC,A,A
AMO-1-459,TP,2,M,M,M,A,A
AMO-1-460,MT,37,TP,TP,TP,A,A
AMO-1-461,TX,36,H,TX,H,S,S
AMO-1-462,MC,69,M,M,M,A,A
AMO-1-463,CU,114,TX,TX,TX,A,A
AMO-1-464,DA,57,TC,TC,TC,A,A
AMO-1-465,DA,49,TX,TX,TX,A,A
AMO-1-466,MT,38,TX,TX,TX,A,A
AMO-1-467,FP,76,TX,TX,TX,A,A
AMO-1-468,MT,45,N,N,N,A,NA
AMO-1-469,M,18,H,M,H,S,S
AMO-1-470,MC,69,H,MC,H,S,S
AMO-1-471,TP,11,TC,TC,TC,A,A
AMO-1-472,TP,6,TX,TX,TX,A,A
AMO-1-473,CL,96,N,N,N,A,NA
AMO-1-474,CU,114,TC,TC,TC,A,A
AMO-1-475,TC,108,N,N,N,A,NA
AMO-1-476,TC,107,H,TC,H,S,S
AMO-1-477,DA,56,H,DA,H,S,S
AMO-1-478,CL,93,TP,TP,TP,A,A
AMO-1-479,CL,92,H,CL,H,S,S
AMO-1-480,TX,27,TX,TX,H,S,S
AMO-1-481,FP,79,TP,TP,TP,A,A
AMO-1-482,TP,6,TP,TP,H,S,S
AMO-1-483,TC,106,TX,TX,TX,A,A
AMO-1-484,TC,107,TC,TC,H,S,S
AMO-1-485,TX,25,N,N,N,A,NA
AMO-1-486,MC,65,TC,TC,TC,A,A
AMO-1-487,TP,7,H,TP,H,S,S
AMO-1-488,M,14,TC,TC,TC,A,A
AMO-1-489,TC,99,TX,TX,TX,A,A
AMO-1-490,TP,5,N,N,N,A,NA
AMO-1-491,MT,47,N,N,N,A,NA
AMO-1-492,CU,113,N,N,N,A,NA
AMO-1-493,CL,94,N,N,N,A,NA
AMO-1-494,MC,72,TP,TP,TP,A,A
AMO-1-495,MC,63,TC,TC,TC,A,A
AMO-1-496,TC,100,TP,TP,TP,A,A
AMO-1-497,CL,86,M,M,M,A,A
AMO-1-498,MT,47,TP,TP,TP,A,A
AMO-1-499,CU,116,TX,TX,TX,A,A
AMO-1-500,MC,62,TX,TX,TX,A,A
AMO-1-501,TX,35,TC,TC,TC,A,A
AMO-1-502,TP,7,TX,TX,TX,A,A
AMO-1-503,TC,100,H,TC,H,S,S
AMO-1-504,MC,64,N,N,N,A,NA
AMO-1-505,M,22,TP,TP,TP,A,A
AMO-1-506,M,19,M,M,H,S,S
AMO-1-507,MT,45,M,M,M,A,A
AMO-1-508,TX,28,M,M,M,A,A
AMO-1-509,FP,80,TX,TX,TX,A,A
AMO-1-510,CL,91,N,N,N,A,NA
AMO-1-511,TC,102,N,N,N,A,NA
AMO-1-512,DA,52,N,N,N,A,NA
AMO-1-513,MT,46,M,M,M,A,A
AMO-1-514,CL,87,H,CL,H,S,S
AMO-1-515,MC,63,N,N,N,A,NA
AMO-1-516,FP,83,TP,TP,TP,A,A
AMO-1-517,TC,100,M,M,M,A,A
AMO-1-518,FP,77,TX,TX,TX,A,A
AMO-1-519,TC,100,TC,TC,H,S,S
AMO-1-520,TC,98,N,N,N,A,NA
AMO-1-521,FP,75,TP,TP,TP,A,A
AMO-1-522,MC,70,N,N,N,A,NA
AMO-1-523,MC,61,H,MC,H,S,S
AMO-1-524,FP,80,TP,TP,TP,A,A
AMO-1-525,CL,95,TX,TX,TX,A,A
AMO-1-526,TC,100,TX,TX,TX,A,A
AMO-1-527,TX,34,TP,TP,TP,A,A
AMO-1-528,DA,53,N,N,N,A,NA
AMO-1-529,CU,117,N,N,N,A,NA
AMO-1-530,CL,88,TX,TX,TX,A,A
AMO-1-531,TX,36,TP,TP,TP,A,A
AMO-1-532,MT,37,N,N,N,A,NA
AMO-1-533,MT,40,H,MT,H,S,S
AMO-1-534,MT,43,TC,TC,TC,A,A
AMO-1-535,TP,6,M,M,M,A,A
AMO-1-536,M,22,TC,TC,TC,A,A
AMO-1-537,MT,37,H,MT,H,S,S
AMO-1-538,TX,33,TP,TP,TP,A,A
AMO-1-539,CL,94,H,CL,H,S,S
AMO-1-540,TP,2,TC,TC,TC,A,A
AMO-1-541,CL,96,TX,TX,TX,A,A
AMO-1-542,MC,64,TX,TX,TX,A,A
AMO-1-543,MT,39,M,M,M,A,A
AMO-1-544,TC,97,M,M,M,A,A
AMO-1-545,M,20,N,N,N,A,NA
AMO-1-546,FP,78,TP,TP,TP,A,A
AMO-1-547,MT,47,M,M,M,A,A
AMO-1-548,TP,9,H,TP,H,S,S
AMO-1-549,DA,53,TX,TX,TX,A,A
AMO-1-550,MT,41,H,MT,H,S,S
AMO-1-551,TC,108,TP,TP,TP,A,A
AMO-1-552,TC,106,TC,TC,H,S,S
AMO-1-553,DA,56,M,M,M,A,A
AMO-1-554,TX,31,TP,TP,TP,A,A
AMO-1-555,M,13,N,N,N,A,NA
AMO-1-556,TX,30,TC,TC,TC,A,A
AMO-1-557,DA,60,TC,TC,TC,A,A
AMO-1-558,CU,111,N,N,N,A,NA
AMO-1-559,TP,1,N,N,N,A,NA
AMO-1-560,TX,35,N,N,N,A,NA
AMO-1-561,CU,110,N,N,N,A,NA
AMO-1-562,TP,12,H,TP,H,S,S
AMO-1-563,MC,69,N,N,N,A,NA
AMO-1-564,DA,59,TX,TX,TX,A,A
AMO-1-565,CL,93,TX,TX,TX,A,A
AMO-1-566,M,22,TX,TX,TX,A,A
AMO-1-567,MT,41,TX,TX,TX,A,A
AMO-1-568,CU,120,H,CU,H,S,S
AMO-1-569,M,19,TX,TX,TX,A,A
AMO-1-570,TC,98,M,M,M,A,A
AMO-1-571,TP,7,M,M,M,A,A
AMO-1-572,MT,40,TP,TP,TP,A,A
AMO-1-573,CU,119,TP,TP,TP,A,A
AMO-1-574,TP,11,TP,TP,H,S,S
AMO-1-575,MC,63,M,M,M,A,A
AMO-1-576,TC,102,TX,TX,TX,A,A
AMO-1-577,M,23,TP,TP,TP,A,A
AMO-1-578,DA,55,TP,TP,TP,A,A
AMO-1-579,TC,97,TC,TC,H,S,S
AMO-1-580,MC,61,M,M,M,A,A
AMO-1-581,MC,66,TX,TX,TX,A,A
AMO-1-582,TP,6,N,N,N,A,NA
AMO-1-583,TC,104,M,M,M,A,A
AMO-1-584,TP,3,TP,TP,H,S,S
AMO-1-585,TX,31,TC,TC,TC,A,A
AMO-1-586,TC,105,TP,TP,TP,A,A
AMO-1-587,TX,25,M,M,M,A,A
AMO-1-588,FP,75,TX,TX,TX,A,A
AMO-1-589,TC,97,TX,TX,TX,A,A
AMO-1-590,MT,39,H,MT,H,S,S
AMO-1-591,DA,60,TX,TX,TX,A,A
AMO-1-592,TX,34,H,TX,H,S,S
AMO-1-593,MC,65,TX,TX,TX,A,A
AMO-1-594,TX,34,TC,TC,TC,A,A
AMO-1-595,CL,95,TP,TP,TP,A,A
AMO-1-596,M,20,TC,TC,TC,A,A
AMO-1-597,TC,97,H,TC,H,S,S
AMO-1-598,FP,84,TC,TC,TC,A,A
AMO-1-599,M,17,H,M,H,S,S
AMO-1-600,DA,60,N,N,N,A,NA
AMO-1-601,TX,27,TP,TP,TP,A,A
AMO-1-602,TC,103,H,TC,H,S,S
AMO-1-603,FP,82,H,FP,H,S,S
AMO-1-604,DA,49,TC,TC,TC,A,A
AMO-1-605,DA,55,TC,TC,TC,A,A
AMO-1-606,MT,46,TX,TX,TX,A,A
AMO-1-607,CL,89,M,M,M,A,A
AMO-1-608,TC,98,TC,TC,H,S,S
AMO-1-609,MC,72,N,N,N,A,NA
AMO-1-610,DA,51,M,M,M,A,A
AMO-1-611,FP,73,H,FP,H,S,S
AMO-1-612,CL,87,M,M,M,A,A
AMO-1-613,CL,85,N,N,N,A,NA
AMO-1-614,TC,100,N,N,N,A,NA
AMO-1-615,TP,10,TX,TX,TX,A,A
AMO-1-616,CU,117,M,M,M,A,A
AMO-1-617,TP,1,TP,TP,H,S,S
AMO-1-618,TX,30,N,N,N,A,NA
AMO-1-619,CL,94,TP,TP,TP,A,A
AMO-1-620,MC,72,M,M,M,A,A
AMO-1-621,MC,67,TP,TP,TP,A,A
AMO-1-622,CU,115,TX,TX,TX,A,A
AMO-1-623,CU,113,H,CU,H,S,S
AMO-1-624,CU,112,N,N,N,A,NA
AMO-1-625,TX,35,H,TX,H,S,S
AMO-1-626,FP,80,N,N,N,A,NA
AMO-1-627,DA,53,H,DA,H,S,S
AMO-1-628,DA,50,N,N,N,A,NA
AMO-1-629,FP,77,M,M,M,A,A
AMO-1-630,TC,103,TC,TC,H,S,S
AMO-1-631,MC,68,TC,TC,TC,A,A
AMO-1-632,MC,66,TP,TP,TP,A,A
AMO-1-633,MT,40,TC,TC,TC,A,A
AMO-1-634,MC,63,TP,TP,TP,A,A
AMO-1-635,CU,116,M,M,M,A,A
AMO-1-636,TP,5,TP,TP,H,S,S
AMO-1-637,DA,54,M,M,M,A,A
AMO-1-638,CL,90,N,N,N,A,NA
AMO-1-639,TC,106,N,N,N,A,NA
AMO-1-640,FP,73,TC,TC,TC,A,A
AMO-1-641,CL,88,M,M,M,A,A
AMO-1-642,M,19,N,N,N,A,NA
AMO-1-643,TP,7,TC,TC,TC,A,A
AMO-1-644,DA,54,H,DA,H,S,S
AMO-1-645,DA,52,TP,TP,TP,A,A
AMO-1-646,MC,70,TX,TX,TX,A,A
AMO-1-647,DA,59,TC,TC,TC,A,A
AMO-1-648,CU,119,M,M,M,A,A
AMO-1-649,CL,91,TX,TX,TX,A,A
AMO-1-650,M,20,TX,TX,TX,A,A
AMO-1-651,CU,114,M,M,M,A,A
AMO-1-652,CU,111,TX,TX,TX,A,A
AMO-1-653,MT,39,TX,TX,TX,A,A
AMO-1-654,TX,32,M,M,M,A,A
AMO-1-655,CL,85,H,CL,H,S,S
AMO-1-656,CL,91,TP,TP,TP,A,A
AMO-1-657,TP,10,TP,TP,H,S,S
AMO-1-658,FP,82,M,M,M,A,A
AMO-1-659,TX,33,TX,TX,H,S,S
AMO-1-660,MT,46,TC,TC,TC,A,A
AMO-1-661,M,22,N,N,N,A,NA
AMO-1-662,MC,71,N,N,N,A,NA
AMO-1-663,M,14,N,N,N,A,NA
AMO-1-664,MC,70,M,M,M,A,A
AMO-1-665,TX,26,TX,TX,H,S,S
AMO-1-666,CU,114,H,CU,H,S,S
AMO-1-667,TP,12,N,N,N,A,NA
AMO-1-668,M,17,TC,TC,TC,A,A
AMO-1-669,M,18,TC,TC,TC,A,A
AMO-1-670,FP,76,TC,TC,TC,A,A
AMO-1-671,FP,76,N,N,N,A,NA
AMO-1-672,DA,49,M,M,M,A,A
AMO-1-673,DA,52,TX,TX,TX,A,A
AMO-1-674,CU,115,TC,TC,TC,A,A
AMO-1-675,FP,84,H,FP,H,S,S
AMO-1-676,DA,54,TX,TX,TX,A,A
AMO-1-677,CU,112,TX,TX,TX,A,A
AMO-1-678,MT,40,TX,TX,TX,A,A
AMO-1-679,MT,42,N,N,N,A,NA
AMO-1-680,CL,93,N,N,N,A,NA
AMO-1-681,CU,109,TX,TX,TX,A,A
AMO-1-682,MC,72,TX,TX,TX,A,A
AMO-1-683,MT,40,M,M,M,A,A
AMO-1-684,DA,57,N,N,N,A,NA
AMO-1-685,CU,119,N,N,N,A,NA
AMO-1-686,TP,4,M,M,M,A,A
AMO-1-687,M,13,H,M,H,S,S
AMO-1-688,TC,101,TX,TX,TX,A,A
AMO-1-689,M,15,H,M,H,S,S
AMO-1-690,CU,110,H,CU,H,S,S
AMO-1-691,CL,89,TP,TP,TP,A,A
AMO-1-692,DA,51,TC,TC,TC,A,A
AMO-1-693,CL,95,N,N,N,A,NA
AMO-1-694,MC,71,H,MC,H,S,S
AMO-1-695,MT,42,M,M,M,A,A
AMO-1-696,MC,68,M,M,M,A,A
AMO-1-697,MC,70,H,MC,H,S,S
AMO-1-698,TP,6,TC,TC,TC,A,A
AMO-1-699,M,14,TP,TP,TP,A,A
AMO-1-700,FP,84,M,M,M,A,A
AMO-1-701,CU,109,H,CU,H,S,S
AMO-1-702,FP,79,H,FP,H,S,S
AMO-1-703,TX,31,M,M,M,A,A
AMO-1-704,CU,109,N,N,N,A,NA
AMO-1-705,MT,41,M,M,M,A,A
AMO-1-706,TX,31,H,TX,H,S,S
AMO-1-707,M,14,M,M,H,S,S
AMO-1-708,MC,71,M,M,M,A,A
AMO-1-709,FP,74,M,M,M,A,A
AMO-1-710,TX,32,TX,TX,H,S,S
AMO-1-711,TP,6,H,TP,H,S,S
AMO-1-712,TC,107,M,M,M,A,A
AMO-1-713,DA,55,H,DA,H,S,S
AMO-1-714,CU,120,TC,TC,TC,A,A
AMO-1-715,M,16,TP,TP,TP,A,A
AMO-1-716,TP,11,M,M,M,A,A
AMO-1-717,M,23,H,M,H,S,S
AMO-1-718,TX,29,H,TX,H,S,S
AMO-1-719,DA,55,N,N,N,A,NA
AMO-1-720,FP,79,TC,TC,TC,A,A
